{
  "v3": {
    "accuracy": 0.9746823703978484,
    "macro_f1": 0.7954492703743178,
    "weighted_f1": 0.9755532268024235
  },
  "v4": {
    "accuracy": 0.995177594361495,
    "macro_precision": 0.9391690134033325,
    "macro_recall": 0.9472613572904008,
    "macro_f1": 0.9427819847875383,
    "weighted_f1": 0.9951796944755555,
    "mcc": 0.9939533470605093
  },
  "improvements": {
    "accuracy": 2.049522396364656,
    "macro_f1": 14.73327144132205,
    "weighted_f1": 1.962646767313203
  }
}