{
  "macro_f1": 0.795367063210077,
  "ci_low": 0.7854179800146855,
  "ci_high": 0.8053875318868555
}