{
  "macro_f1": 0.7954492703743178,
  "weighted_f1": 0.9755532268024235,
  "accuracy": 0.9746823703978484
}