{
  "roc_auc": 0.9999986097718482,
  "pr_auc": 0.9999995918644887,
  "precision_attack": 0.9997401351297326,
  "recall_attack": 0.9997801055493363,
  "f1_attack": 0.99976011994003
}