{
  "macro_f1": 0.7771742467059273,
  "weighted_f1": 0.9686927741129066,
  "accuracy": 0.9675755637294099
}